name,image
Afador,afador-mixed-dog-breed-pictures-cover-650x368.webp
Affenhuahua,affenhuahua-mixed-dog-breed-pictures-COVER-650x368.webp
Affenpinscher,file_23096_affenpinscher-300x189.webp
Afghan Hound,file_23004_afghan-hound-300x189.webp
Airedale Terrier,file_23050_airedale-terrier-300x189.webp
Akbash,akbash-dog-breed-pictures-cover-650x368.jpg
Akita,file_22906_akita-300x189.webp
Akita Chow,akita-chow-mixed-dog-breed-pictures-cover-650x368.webp
Akita Pit,akita-pit-mixed-dog-breed-pictures-COVER-650x368.webp
Akita Shepherd,akita-shepherd-mixed-dog-breed-pictures-cover-650x368.webp
Alaskan Klee Kai,alaskan-klee-kai-breed-pictures-cover-650x368.webp
Alaskan Malamute,file_22908_alaskan-malamute-300x189.webp
American Bulldog,american-bulldog-breed-pictures-9-650x368.webp
American English Coonhound,file_23236_american-english-coonhound-300x189.webp
American Eskimo Dog,file_23134_american-eskimo-dog-300x189.webp
American Foxhound,file_23006_american-foxhound-300x189.webp
American Hairless Terrier,american-hairless-terrier-dog-breed-pictures-cover-650x368.webp
American Leopard Hound,american-leopard-hound-dog-breed-picture-cover-650x368.webp
American Pit Bull Terrier,file_23052_pitbull-dog-breed-pittie-300x189.webp
American Pugabull,american-pugabull-mixed-dog-breed-pictures-cover-650x368.webp
American Staffordshire,american-staffordshire-terrier-dog-breed-pictures-cover-650.webp
American Water Spaniel,file_22954_american-water-spaniel-300x189.webp
Anatolian Shepherd Dog,file_22910_anatolian-shepherd-dog-300x189.webp
Appenzeller Sennenhunde,file_23244_what-is-the-appenzeller-sennenhunde-dog-300x189.webp
Auggie,auggie-mixed-dog-breed-pictures-cover-650x368.webp
Aussiedoodle,aussiedoodle-mixed-dog-breed-pictures-cover-650x368.webp
Aussiepom,aussiepom-mixed-dog-breed-pictures-cover-650x368.webp
Australian Cattle Dog,file_23166_australian-cattle-dog-300x189.webp
Australian Kelpie,australian-kelpie-dog-breed-pictures-header-650x368.webp
Australian Retriever,australian-retriever-mixed-dog-breed-pictures-cover-650x368.webp
Australian Shepherd,file_23168_australian-shepherd-300x189.webp
Australian Shepherd Husky,australian-shepherd-husky-mixed-dog-breed-pictures-cover-65.webp
Australian Shepherd Lab Mix,australian-shepherd-lab-mixed-dog-breed-pictures-cover-650x.webp
Australian Shepherd Pit Bull,australian-shepherd-pit-bull-mixed-dog-breed-pictures-cover.webp
Australian Stumpy Tail,Australian-Stumpy-Tail-Cattle-Dog-cover-650x368.webp
Australian Terrier,file_23054_australian-terrier-300x189.webp
Azawakh,file_23286_azawakh-300x189.webp
Barbet,file_23288_barbet-300x189.webp
Basenji,file_23008_basenji-300x189.webp
Bassador,bassador-mixed-breed-dog-pictures-cover-650x368.webp
Basset Fauve de Bretagne,Basset-Fauve-de-Bretagne-dog-breed-pictures-cover-650x368.webp
Basset Hound,file_23010_basset-hound-300x189.webp
Basset Retriever,basset-retriever-mixed-dog-breed-pictures-cover-650x368.webp
Bavarian Mountain Scent,Bavarian-Mountain-Scent-Hound-dog-breed-pictures-cover-650x3.jpg
Beabull,beabull-mixed-dog-breed-pictures-cover-650x368.webp
Beagle,file_23012_beagle-300x189.webp
Beaglier,beaglier-mixed-dog-breed-pictures-cover-650x368.webp
Bearded Collie,file_23170_bearded-collie-300x189.webp
Bedlington Terrier,file_23056_bedlington-terrier-300x189.webp
Belgian Malinois,file_23172_belgian-malinois-300x189.webp
Belgian Sheepdog,file_23174_belgian-sheepdog-300x189.webp
Belgian Tervuren,file_23176_belgian-tervuren-300x189.webp
Bergamasco Sheepdog,Bergamasco-Sheepdog-breed-pictures-cover-650x368.jpg
Berger Picard,file_23290_berger-picard-300x189.webp
Bernedoodle,bernedoodle-dog-breed-pictures-cover-650x368.webp
Bernese Mountain Dog,file_22912_bernese-mountain-dog-300x189.webp
Bichon Frise,file_23136_bichon-frise-300x189.webp
Biewer Terrier,biewer-terrier-dog-breed-pictures-cover-650x368.webp
Black and Tan Coonhound,file_23014_black-and-tan-coonhound-300x189.webp
Black Mouth Cur,black-mouth-cur-dog-breed-pictures-cover-650x368.webp
Black Russian Terrier,file_22914_black-russian-terrier-300x189.webp
Bloodhound,file_23016_bloodhound-300x189.webp
Blue Lacy,blue-lacy-dog-breed-pictures-header-650x368.webp
Bluetick Coonhound,file_23238_bluetick-coonhound-300x189.webp
Bocker,bocker-mixed-dog-breed-pictures-cover-650x368.webp
Boerboel,boerboel-dog-breed-pictures-cover-650x368.webp
Boglen Terrier,boglen-terrier-mixed-dog-breed-pictures-cover-650x368.webp
Bohemian Shepherd,Bohemian-Shepherd-dog-breed-pictures-cover-650x368.webp
Bolognese,file_23240_bolognese-300x189.webp
Borador,borador-mixed-dog-breed-pictures-cover-650x368.webp
Border Collie,file_23178_border-collie-300x189.webp
Border Sheepdog,border-sheepdog-mixed-dog-breed-pictures-cover-650x368.webp
Border Terrier,file_23058_border-terrier-300x189.webp
Bordoodle,bordoodle-mixed-dog-breed-pictures-cover-650x368.webp
Borzoi,file_23018_borzoi-300x189.webp
BoShih,boshih-mixed-dog-breed-pictures-cover-650x368.webp
Bossie,bossie-mixed-dog-breed-pictures-cover-650x368.webp
Boston Boxer,boston-boxer-mixed-dog-breed-pictures-cover-650x368.webp
Boston Terrier,file_23138_boston-terrier-300x189.webp
Boston Terrier Pekingese Mix,Boston-Terrier-Pekingese-Mixed-dog-breed-pictures-cover-650.webp
Bouvier des Flandres,file_23180_bouvier-des-flandres-300x189.webp
Boxador,boxador-mixed-dog-breed-pictures-cover-650x368.webp
Boxer,file_22916_boxer-300x189.webp
Boxerdoodle,boxerdoodle-mixed-dog-breed-pictures-cover-650x368.webp
Boxmatian,boxmatian-mixed-dog-breed-pictures-cover-650x368.webp
Boxweiler,boxweiler-mixed-dog-breed-pictures-cover-650x368.webp
Boykin Spaniel,file_23242_boykin-spaniel-300x189.webp
Bracco Italiano,Bracco-Italiano-dog-breed-pictures-cover-650x368.webp
Braque du Bourbonnais,Braque-du-Bourbonnais-dog-breed-pictures-cover-650x368.webp
Briard,file_23182_briard-300x189.webp
Brittany,file_22956_brittany-300x189.webp
Broholmer,Broholmer-dog-breed-pictures-cover-650x368.webp
Brussels Griffon,file_23098_brussels-griffon-300x189.webp
Bugg,bugg-mixed-dog-breed-pictures-cover-650x368.webp
Bull-Pei,bull-pei-mixed-dog-breed-pictures-cover-650x368.webp
Bull Terrier,file_23060_bull-terrier-300x189.webp
Bullador,bullador-mixed-dog-breed-pictures-cover-650x368.webp
Bullboxer Pit,bullboxer-pit-mixed-dog-breed-pictures-cover-650x368.webp
Bulldog,file_23140_bulldog-300x189.webp
Bullmastiff,file_22918_bullmastiff-300x189.webp
Bullmatian,bullmation-mixed-dog-breed-pictures-cover-650x368.webp
Cairn Terrier,file_23062_cairn-terrier-300x189.webp
Canaan Dog,file_23184_canaan-dog-300x189.webp
Cane Corso,file_23300_cane-corso-dog-breed-650x410.webp
Cardigan Welsh Corgi,file_23294_cardigan-welsh-corgi-300x189.webp
Carolina Dog,carolina-dog-breed-pictures-cover-650x368.webp
Catahoula Bulldog,catahoula-bulldog-mixed-breed-pictures-cover-650x368.webp
Catahoula Leopard Dog,file_23278_catahoula-leopard-dog-300x189.webp
Caucasian Shepherd Dog,caucasian-shepherd-dog-breed-pictures-cover-650x369.jpg
Cav-a-Jack,cav-a-jack-mixed-dog-breed-pictures-cover-650x368.webp
Cavachon,cavachon-mixed-dog-breed-pictures-cover-650x368.webp
Cavador,cavador-mixed-dog-breed-pictures-cover-650x368.webp
Cavalier King Charles,file_23100_cavalier-king-charles-spaniel-300x189.webp
Cavapoo,cavapoo-mixed-dog-breed-pictures-cover-650x368.webp
Central Asian Shepherd Dog,central-asian-shepherd-dog-breed-pictures-cover-650x368.webp
Cesky Terrier,file_23270_cesky-terrier-dog-breed-300x189.webp
Chabrador,chabrador-mixed-dog-breed-pictures-cover-650x368.webp
Cheagle,cheagle-mixed-dog-breed-pictures-cover-650x368.webp
Chesapeake Bay Retriever,file_22958_chesapeake-bay-retriever-300x189.webp
Chi,chi-chi-mixed-dog-breed-pictures-cover-650x368.webp
Chi-Poo,chi-poo-mixed-dog-breed-pictures-cover-650x368.webp
Chigi,chigi-mixed-dog-breed-pictures-cover-650x368.webp
Chihuahua,file_23102_chihuahua-300x189.webp
Chilier,chilier-mixed-dog-breed-pictures-cover-650x368.webp
Chinese Crested,file_23104_17524831-300x189.webp
Chinese Shar-Pei,file_23142_chinese-shar-pei-300x189.webp
Chinook,file_23232_chinook-300x189.webp
Chion,chion-mixed-dog-breed-pictures-cover-650x368.webp
Chipin,chipin-mixed-dog-breed-pictures-cover-650x368.webp
Chiweenie,chiweenie-mixed-dog-breed-pictures-cover-650x368.webp
Chorkie,chorkie-mixed-dog-breed-pictures-cover-650x368.webp
Chow Chow,file_23144_chow-chow-300x189.webp
Chow Shepherd,chow-shepherd-mixed-dog-breed-pictures-cover-650x368.webp
Chug,chug-mixed-dog-breed-pictures-cover-650x368.webp
Chusky,chusky-mixed-dog-breed-pictures-cover-650x368.webp
Cirneco dellâ€™Etna,Cirneco-dellEtna-dog-breed-pictures-cover-650x368.webp
Clumber Spaniel,file_22960_clumber-spaniel-300x189.webp
Cockalier,cockalier-mixed-dog-breed-picture-cover-650x368.webp
Cockapoo,file_23218_cockapoo-dog-breed-300x189.webp
Cocker Spaniel,file_22962_cocker-spaniel-300x189.webp
Collie,file_23186_collie-300x189.webp
Corgi Inu,corgi-inu-mixed-dog-breed-pictures-cover-650x368.webp
Corgidor,corgidor-mixed-dog-breed-pictures-cover-650x368.webp
Corman Shepherd,corman-shepherd-mixed-dog-breed-pictures-cover-650x368.webp
Coton de Tulear,file_23230_coton-de-tulear-300x189.webp
Croatian Sheepdog,croatian-sheepdog-breed-pictures-cover-650x368.webp
Curly-Coated Retriever,file_22964_curly-coated-retriever-300x189.webp
Dachsador,dachsador-mixed-dog-breed-pictures-cover-650x368.webp
Dachshund,file_23020_dachshund-dog-breed-300x189.webp
Dalmatian,file_23146_dalmatian-300x189.webp
Dandie Dinmont Terrier,file_23064_dandie-dinmont-terrier-300x189.webp
Daniff,daniff-mixed-dog-breed-pictures-cover-650x368.webp
Danish-Swedish Farmdog,danish-swedish-farmdog-breed-pictures-cover-650x368.webp
Deutscher Wachtelhund,Deutscher-Wachtelhund-dog-breed-pictures-cover-650x368.webp
Doberdor,doberdor-mixed-breed-dog-pictures-cover-650x368.webp
Doberman Pinscher,file_22920_doberman-pinscher-300x189.webp
Docker,docker-mixed-dog-breed-pictures-cover-650x368.webp
Dogo Argentino,dogo-argentino-breed-pictures-7-650x368.webp
Dogue de Bordeaux,file_23252_dogue-de-bordeaux-dog-breed-300x189.webp
Dorgi,dorgi-mixed-dog-breed-pictures-cover-650x368.jpg
Dorkie,dorkie-mixed-dog-breed-pictures-cover-650x368.webp
Doxiepoo,doxiepoo-mixed-dog-breed-pictures-cover-650x368.webp
Doxle,doxle-mixed-dog-breed-pictures-cover-650x368.webp
Drentsche Patrijshond,Drentsche-Patrijshond-dog-breed-pictures-cover-650x368.jpg
Drever,drever-dog-breed-pictures-cover-650x368.webp
Dutch Shepherd,dutch-shepherd-dog-breed-pictures-cover-650x368.jpg
English Cocker Spaniel,file_22966_english-cocker-spaniel-300x189.webp
English Foxhound,file_23022_english-foxhound-300x189.webp
English Setter,file_22968_english-setter-300x189.webp
English Springer Spaniel,file_22970_english-springer-spaniel-300x189.webp
English Toy Spaniel,file_23106_english-toy-spaniel-300x189.webp
Entlebucher Mountain Dog,file_23262_entlebucher-mountain-dog-300x189.webp
Estrela Mountain Dog,estrela-mountain-dog-breed-pictures-cover-650x368.webp
Eurasier,eurasier-dog-breed-pictures-cover-650x368.webp
Field Spaniel,file_22972_field-spaniel-300x189.webp
Fila Brasileiro,Fila-Brasileiro-dog-breed-pictures-1-650x433.webp
Finnish Lapphund,file_23258_finnish-lapphund-300x189.webp
Finnish Spitz,file_23148_finnish-spitz-300x189.webp
Flat-Coated Retriever,file_22974_flat-coated-retriever-300x189.webp
Fox Terrier,file_23094_fox-terrier-300x189.webp
French Bulldog,file_23150_french-bulldog-300x189.webp
French Bullhuahua,french-bullhuahua-mixed-dog-breed-pictures-cover-650x368.jpg
French Spaniel,french-spaniel-dog-breed-picture-cover-650x368.webp
Frenchton,frenchton-mixed-dog-breed-pictures-cover-650x368.webp
Frengle,frengle-mixed-dog-breed-pictures-cover-650x368.webp
German Longhaired Pointer,german-longhaired-pointer-dog-breed-pictures-cover-650x368.webp
German Pinscher,file_22922_german-pinscher-300x189.webp
German Shepherd Dog,file_23188_german-shepherd-dog-300x189.webp
German Shepherd Pit Bull,german-shepherd-pit-bull-mixed-dog-breed-pictures-COVER-650x.jpg
German Shepherd Rottweiler,german-shepherd-rottweiler-mixed-dog-breed-pictures-cover-6.webp
German Sheprador,german-sheprador-mixed-dog-breed-pictures-cover-650x368.webp
German Shorthaired Pointer,file_22976_german-shorthaired-pointer-300x189.webp
German Spitz,german-spitz-dog-breed-pictures-cover-650x368.webp
German Wirehaired Pointer,file_22978_german-wirehaired-pointer-300x189.webp
Giant Schnauzer,file_22924_giant-schnauzer-300x189.webp
Glen of Imaal Terrier,file_23066_glen-of-imaal-terrier-300x189.webp
Goberian,goberian-mixed-dog-breed-pictures-cover-650x368.webp
Goldador,file_23214_goldador-300x189.webp
Golden Cocker Retriever,golden-cocker-retriever-mixed-dog-breed-pictures-cover-1-65.webp
Golden Mountain Dog,golden-mountain-dog-mixed-dog-breed-pictures-cover-650x368.webp
Golden Retriever,file_22980_golden-retriever-300x189.webp
Golden Retriever Corgi,golden-retriever-corgi-mixed-dog-breed-pictures-cover-650x3.webp
Golden Shepherd,German-Shepherd-Golden-Retriever-mixed-dog-breed-pictures-c.webp
Goldendoodle,file_23204_goldendoodle-300x189.webp
Gollie,gollie-mixed-dog-breed-pictures-1-1-650x368.webp
Gordon Setter,file_22982_gordon-setter-300x189.webp
Great Dane,file_22926_great-dane-300x189.webp
Great Pyrenees,file_23202_great-pyrenees-300x189.webp
Greater Swiss Mountain Dog,file_22928_greater-swiss-mountain-dog-300x189.webp
Greyador,greyador-mixed-dog-breed-pictures-COVER-650x368.webp
Greyhound,file_23024_greyhound-300x189.webp
Hamiltonstovare,Hamiltonstovare-dog-breed-pictures-cover-650x368.webp
Hanoverian Scenthound,Hanoverian-Scenthound-dog-breed-pictures-cover-650x368.jpg
Harrier,file_23026_harrier-300x189.webp
Havanese,file_23108_havanese-300x189.webp
Hokkaido,hokkaido-dog-breed-pictures-cover-650x368.webp
Horgi,horgi-mixed-dog-breed-pictures-cover-650x368.webp
Huskita,huskita-mixed-dog-breed-pictures-cover-650x368.webp
Huskydoodle,huskydoodle-mixed-dog-breed-pictures-cover-650x368.webp
Ibizan Hound,file_23028_ibizan-hound-300x189.webp
Icelandic Sheepdog,file_23274_icelandic-sheepdog-300x189.webp
Irish Red And White Setter,file_23254_irish-red-and-white-setter-300x189.webp
Irish Setter,file_22984_irish-setter-300x189.webp
Irish Terrier,file_23068_irish-terrier-300x189.webp
Irish Water Spaniel,file_22986_irish-water-spaniel-300x189.webp
Irish Wolfhound,file_23030_irish-wolfhound-300x189.webp
Italian Greyhound,file_23110_italian-greyhound-300x189.webp
Jack-A-Poo,jack-a-poo-mixed-dog-breed-pictures-cover-650x368.webp
Jack Chi,jack-chi-mixed-dog-breed-pictures-cover-650x368.jpg
Jack Russell Terrier,file_23080_jack-russell-terrier-300x189.webp
Jackshund,jackshund-mixed-dog-breed-pictures-COVER-650x368.webp
Japanese Chin,file_23112_japanese-chin-300x189.webp
Japanese Spitz,japanese-spitz-dog-breed-pictures-header-650x368.webp
Korean Jindo Dog,jindo-650x382.webp
Kai,kai-ken-dog-breed-pictures-cover-650x368.webp
Karelian Bear Dog,karelian-bear-dog-header-650x368.webp
Keeshond,file_23152_keeshond-300x189.webp
Kerry Blue Terrier,file_23070_kerry-blue-terrier-300x189.webp
King Shepherd,king-shepherd-dog-breed-picture-cover-650x368.webp
Kishu Ken,kishu-ken-dog-breed-pictures-cover-650x368.webp
Komondor,file_22930_komondor-300x189.webp
Kooikerhondje,file_23266_kooikerhondje-300x189.webp
Kuvasz,file_22932_kuvasz-300x189.webp
Kyi-Leo,kyi-leo-mixed-dog-breed-pictures-cover-650x368.webp
Lab Pointer,lab-pointer-mixed-dog-breed-pictures-cover-650x368.webp
Labernese,labernese-mixed-dog-breed-pictures-cover-650x368.webp
Labmaraner,labmaraner-mixed-dog-breed-pictures-cover-650x368.webp
Labrabull,Labrabull-mixed-dog-breed-pictures-cover-650x368.webp
Labradane,labradane-mixed-dog-breed-pictures-cover-650x368.webp
Labradoodle,file_23220_what-is-a-labradoodle-300x189.webp
Labrador Retriever,file_22988_labrador-retriever-300x189.webp
Labrastaff,labrastaff-mixed-dog-breed-picture-cover-650x368.webp
Labsky,labsky-mixed-dog-breed-pictures-cover-650x368.webp
Lagotto Romagnolo,lagotto-romagnolo-dog-breed-pictures-header-650x368.webp
Lakeland Terrier,file_23072_lakeland-terrier-300x189.webp
Lancashire Heeler,file_23282_lancashire-heeler-300x189.webp
Leonberger,file_23272_leonberger-dog-breed-300x189.webp
Lhasa Apso,file_23154_lhasa-apso-300x189.webp
Lhasapoo,lhasapoo-mixed-dog-breed-pictures-cover-650x368.webp
Lowchen,file_23156_lowchen-300x189.webp
Maltese,file_23114_maltese-300x189.webp
Maltese Shih Tzu,file_23216_maltese-shih-tzu-300x189.webp
Maltipoo,file_23210_maltipoo-300x189.webp
Manchester Terrier,file_23224_manchester-terrier-300x189.webp
Mastador,mastador-mixed-dog-breed-picture-cover-650x368.webp
Mastiff,file_22934_mastiff-300x189.webp
Miniature Pinscher,file_23116_miniature-pinscher-300x189.webp
Miniature Schnauzer,file_23074_miniature-schnauzer-300x189.webp
Morkie,morkie-mixed-dog-breed-pictures-cover-650x368.webp
Mudi,mudi-dog-breed-pictures-header-650x368.webp
Mutt (Mixed),file_23228_mutt-300x189.webp
Neapolitan Mastiff,file_22936_neapolitan-mastiff-300x189.webp
Newfoundland,file_22938_newfoundland-300x189.webp
Norfolk Terrier,file_23076_norfolk-terrier-300x189.webp
Northern Inuit Dog,northern-inuit-dog-hybrid-breed-pictures-cover-650x368.jpg
Norwegian Buhund,file_23284_norwegian-buhund-300x189.webp
Norwegian Elkhound,file_23032_norwegian-elkhound-300x189.webp
Norwegian Lundehund,file_23276_norwegian-lundehund-300x189.webp
Norwich Terrier,file_23078_norwich-terrier-300x189.webp
Nova Scotia Duck Tolling,file_22990_nova-scotia-duck-tolling-retriever-300x189.webp
